,tic,delta_min,1st order,2nd order
8,459837008,0.00015792761243860198,True,False
6,384984325,0.0004881460026591178,True,False
7,455947620,0.0019165035419630438,True,False
3,143022742,0.002050520711237125,True,False
0,17129975,0.0030540730186106035,False,True
4,153065527,0.004088686723090151,True,False
5,374180079,0.0058026888930121645,True,False
1,54962195,0.007626211204905031,True,False
2,55652896,0.007825586074434843,True,False
