,tic,delta_min,1st order,2nd order
0,17129975,0.0030540730186106035,False,True
2,153065527,0.004088686723090151,True,False
3,374180079,0.005814879179834809,True,False
1,55652896,0.007825586074434843,True,False
